Division,District,Thana,Union,Village
Dhaka,Dhaka,Savar,,
Dhaka,Dhaka,Dhamrai,,
Dhaka,Dhaka,Keraniganj,,
Dhaka,Dhaka,Nawabganj,,
Dhaka,Dhaka,Dohar,,
Dhaka,Faridpur,Faridpur Sadar,,
Dhaka,Faridpur,Alfadanga,,
Dhaka,Faridpur,Boalmari,,
Dhaka,Faridpur,Sadarpur,,
Dhaka,Faridpur,Nagarkanda,,
Dhaka,Faridpur,Bhanga,,
Dhaka,Faridpur,Charbhadrasan,,
Dhaka,Faridpur,Madhukhali,,
Dhaka,Faridpur,Saltha,,
Dhaka,Gazipur,Kaliganj,,
Dhaka,Gazipur,Kaliakair,,
Dhaka,Gazipur,Kapasia,,
Dhaka,Gazipur,Gazipur Sadar,,
Dhaka,Gazipur,Sreepur,,
Dhaka,Gopalganj,Gopalganj Sadar,,
Dhaka,Gopalganj,Kashiani,,
Dhaka,Gopalganj,Tungipara,,
Dhaka,Gopalganj,Kotalipara,,
Dhaka,Gopalganj,Muksudpur,,
Dhaka,Madaripur,Madaripur Sadar,,
Dhaka,Madaripur,Shibchar,,
Dhaka,Madaripur,Kalkini,,
Dhaka,Madaripur,Rajoir,,
Dhaka,Manikganj,Harirampur,,
Dhaka,Manikganj,Saturia,,
Dhaka,Manikganj,Manikganj Sadar,,
Dhaka,Manikganj,Gior,,
Dhaka,Manikganj,Shibaloy,,
Dhaka,Manikganj,Doulatpur,,
Dhaka,Manikganj,Singiar,,
Dhaka,Munshiganj,Munshiganj Sadar,,
Dhaka,Munshiganj,Sreenagar,,
Dhaka,Munshiganj,Sirajdikhan,,
Dhaka,Munshiganj,Louhajanj,,
Dhaka,Munshiganj,Gajaria,,
Dhaka,Munshiganj,Tongibari,,
Dhaka,Narayanganj,Araihazar,,
Dhaka,Narayanganj,Bandar,,
Dhaka,Narayanganj,Narayanganj Sadar,,
Dhaka,Narayanganj,Rupganj,,
Dhaka,Narayanganj,Sonargaon,,
Dhaka,Narsingdi,Belabo,,
Dhaka,Narsingdi,Monohardi,,
Dhaka,Narsingdi,Narsingdi Sadar,,
Dhaka,Narsingdi,Palash,,
Dhaka,Narsingdi,Raipura,,
Dhaka,Narsingdi,Shibpur,,
Dhaka,Rajbari,Rajbari Sadar,,
Dhaka,Rajbari,Goalanda,,
Dhaka,Rajbari,Pangsa,,
Dhaka,Rajbari,Baliakandi,,
Dhaka,Rajbari,Kalukhali,,
Dhaka,Shariatpur,Shariatpur Sadar,,
Dhaka,Shariatpur,Naria,,
Dhaka,Shariatpur,Zajira,,
Dhaka,Shariatpur,Gosairhat,,
Dhaka,Shariatpur,Bhedarganj,,
Dhaka,Shariatpur,Damudya,,
Dhaka,Tangail,Basail,,
Dhaka,Tangail,Bhuapur,,
Dhaka,Tangail,Delduar,,
Dhaka,Tangail,Ghatail,,
Dhaka,Tangail,Gopalpur,,
Dhaka,Tangail,Madhupur,,
Dhaka,Tangail,Mirzapur,,
Dhaka,Tangail,Nagarpur,,
Dhaka,Tangail,Sakhipur,,
Dhaka,Tangail,Tangail Sadar,,
Dhaka,Tangail,Kalihati,,
Dhaka,Tangail,Dhanbari,,
Chittagong,Bandarban,Bandarban Sadar,,
Chittagong,Bandarban,Alikadam,,
Chittagong,Bandarban,Naikhongchhari,,
Chittagong,Bandarban,Rowangchhari,,
Chittagong,Bandarban,Lama,,
Chittagong,Bandarban,Ruma,,
Chittagong,Bandarban,Thanchi,,
Chittagong,Brahmanbaria,Brahmanbaria Sadar,,
Chittagong,Brahmanbaria,Kasba,,
Chittagong,Brahmanbaria,Nasirnagar,,
Chittagong,Brahmanbaria,Sarail,,
Chittagong,Brahmanbaria,Ashuganj,,
Chittagong,Brahmanbaria,Akhaura,,
Chittagong,Brahmanbaria,Nabinagar,,
Chittagong,Brahmanbaria,Bancharampur,,
Chittagong,Brahmanbaria,Bijoynagar,,
Chittagong,Chandpur,Haimchar,,
Chittagong,Chandpur,Kachua,,
Chittagong,Chandpur,Shahrasti,,
Chittagong,Chandpur,Chandpur Sadar,,
Chittagong,Chandpur,Matlab South,,
Chittagong,Chandpur,Hajiganj,,
Chittagong,Chandpur,Matlab North,,
Chittagong,Chandpur,Faridgonj,,
Chittagong,Chittagong,Rangunia,,
Chittagong,Chittagong,Sitakunda,,
Chittagong,Chittagong,Mirsharai,,
Chittagong,Chittagong,Patiya,,
Chittagong,Chittagong,Sandwip,,
Chittagong,Chittagong,Banshkhali,,
Chittagong,Chittagong,Boalkhali,,
Chittagong,Chittagong,Anwara,,
Chittagong,Chittagong,Chandanaish,,
Chittagong,Chittagong,Satkania,,
Chittagong,Chittagong,Lohagara,,
Chittagong,Chittagong,Hathazari,,
Chittagong,Chittagong,Fatikchhari,,
Chittagong,Chittagong,Raozan,,
Chittagong,Chittagong,Karnafuli,,
Chittagong,Comilla,Debidwar,,
Chittagong,Comilla,Barura,,
Chittagong,Comilla,Brahmanpara,,
Chittagong,Comilla,Chandina,,
Chittagong,Comilla,Chauddagram,,
Chittagong,Comilla,Daudkandi,,
Chittagong,Comilla,Homna,,
Chittagong,Comilla,Laksam,,
Chittagong,Comilla,Muradnagar,,
Chittagong,Comilla,Nangalkot,,
Chittagong,Comilla,Comilla Sadar,,
Chittagong,Comilla,Meghna,,
Chittagong,Comilla,Monohargonj,,
Chittagong,Comilla,Sadarsouth,,
Chittagong,Comilla,Titas,,
Chittagong,Comilla,Burichang,,
Chittagong,Comilla,Lalmai,,
Chittagong,Cox's Bazar,Coxsbazar Sadar,,
Chittagong,Cox's Bazar,Chakaria,,
Chittagong,Cox's Bazar,Kutubdia,,
Chittagong,Cox's Bazar,Ukhiya,,
Chittagong,Cox's Bazar,Moheshkhali,,
Chittagong,Cox's Bazar,Pekua,,
Chittagong,Cox's Bazar,Ramu,,
Chittagong,Cox's Bazar,Teknaf,,
Chittagong,Feni,Chhagalnaiya,,
Chittagong,Feni,Feni Sadar,,
Chittagong,Feni,Sonagazi,,
Chittagong,Feni,Fulgazi,,
Chittagong,Feni,Parshuram,,
Chittagong,Feni,Daganbhuiyan,,
Chittagong,Khagrachhari,Khagrachhari Sadar,,
Chittagong,Khagrachhari,Dighinala,,
Chittagong,Khagrachhari,Panchari,,
Chittagong,Khagrachhari,Laxmichhari,,
Chittagong,Khagrachhari,Mohalchari,,
Chittagong,Khagrachhari,Manikchari,,
Chittagong,Khagrachhari,Ramgarh,,
Chittagong,Khagrachhari,Matiranga,,
Chittagong,Khagrachhari,Guimara,,
Dhaka,Kishoreganj,Itna,,
Dhaka,Kishoreganj,Katiadi,,
Dhaka,Kishoreganj,Bhairab,,
Dhaka,Kishoreganj,Tarail,,
Dhaka,Kishoreganj,Hossainpur,,
Chittagong,Khagrachhari,Pakundia,,
Dhaka,Kishoreganj,Kuliarchar,,
Dhaka,Kishoreganj,Kishoreganj Sadar,,
Chittagong,Khagrachhari,Karimgonj,,
Dhaka,Kishoreganj,Austagram,,
Chittagong,Khagrachhari,Mithamoin,,
Dhaka,Kishoreganj,Nikli,,
Chittagong,Lakshmipur,Lakshmipur Sadar,,
Chittagong,Lakshmipur,Kamalnagar,,
Chittagong,Lakshmipur,Raipur,,
Chittagong,Lakshmipur,Ramgati,,
Chittagong,Lakshmipur,Ramganj,,
Chittagong,Noakhali,Noakhali Sadar,,
Chittagong,Noakhali,Companiganj,,
Chittagong,Noakhali,Begumganj,,
Chittagong,Noakhali,Hatia,,
Chittagong,Noakhali,Subarnachar,,
Chittagong,Noakhali,Kabirhat,,
Chittagong,Noakhali,Senbug,,
Chittagong,Noakhali,Chatkhil,,
Chittagong,Noakhali,Sonaimori,,
Chittagong,Rangamati,Rangamati Sadar,,
Chittagong,Rangamati,Kaptai,,
Chittagong,Rangamati,Kawkhali,,
Chittagong,Rangamati,Baghaichari,,
Chittagong,Rangamati,Barkal,,
Chittagong,Rangamati,Langadu,,
Chittagong,Rangamati,Rajasthali,,
Chittagong,Rangamati,Belaichari,,
Chittagong,Rangamati,Juraichari,,
Chittagong,Rangamati,Naniarchar,,
Rajshahi,Bogra,Kahaloo,,
Rajshahi,Bogra,Bogra Sadar,,
Rajshahi,Bogra,Shariakandi,,
Rajshahi,Bogra,Shajahanpur,,
Rajshahi,Bogra,Dupchanchia,,
Rajshahi,Bogra,Adamdighi,,
Rajshahi,Bogra,Nondigram,,
Rajshahi,Bogra,Sonatala,,
Rajshahi,Bogra,Dhunot,,
Rajshahi,Bogra,Gabtali,,
Rajshahi,Bogra,Sherpur,,
Rajshahi,Bogra,Shibganj,,
Rajshahi,Chapainawabganj,Chapainawabganj Sadar,,
Rajshahi,Chapainawabganj,Gomostapur,,
Rajshahi,Chapainawabganj,Nachol,,
Rajshahi,Chapainawabganj,Bholahat,,
Rajshahi,Chapainawabganj,Shibganj,,
Rajshahi,Joypurhat,Akkelpur,,
Rajshahi,Joypurhat,Kalai,,
Rajshahi,Joypurhat,Khetlal,,
Rajshahi,Joypurhat,Panchbibi,,
Rajshahi,Joypurhat,Joypurhat Sadar,,
Rajshahi,Naogaon,Mohadevpur,,
Rajshahi,Naogaon,Badalgachi,,
Rajshahi,Naogaon,Patnitala,,
Rajshahi,Naogaon,Dhamoirhat,,
Rajshahi,Naogaon,Niamatpur,,
Rajshahi,Naogaon,Manda,,
Rajshahi,Naogaon,Atrai,,
Rajshahi,Naogaon,Raninagar,,
Rajshahi,Naogaon,Naogaon Sadar,,
Rajshahi,Naogaon,Porsha,,
Rajshahi,Naogaon,Sapahar,,
Rajshahi,Natore,Natore Sadar,,
Rajshahi,Natore,Singra,,
Rajshahi,Natore,Baraigram,,
Rajshahi,Natore,Bagatipara,,
Rajshahi,Natore,Lalpur,,
Rajshahi,Natore,Gurudaspur,,
Rajshahi,Natore,Naldanga,,
Rajshahi,Pabna,Sujanagar,,
Rajshahi,Pabna,Ishurdi,,
Rajshahi,Pabna,Bhangura,,
Rajshahi,Pabna,Pabna Sadar,,
Rajshahi,Pabna,Bera,,
Rajshahi,Pabna,Atghoria,,
Rajshahi,Pabna,Chatmohar,,
Rajshahi,Pabna,Santhia,,
Rajshahi,Pabna,Faridpur,,
Rajshahi,Rajshahi,Paba,,
Rajshahi,Rajshahi,Durgapur,,
Rajshahi,Rajshahi,Mohonpur,,
Rajshahi,Rajshahi,Charghat,,
Rajshahi,Rajshahi,Puthia,,
Rajshahi,Rajshahi,Bagha,,
Rajshahi,Rajshahi,Godagari,,
Rajshahi,Rajshahi,Tanore,,
Rajshahi,Rajshahi,Bagmara,,
Rajshahi,Sirajganj,Belkuchi,,
Rajshahi,Sirajganj,Chauhali,,
Rajshahi,Sirajganj,Kamarkhand,,
Rajshahi,Sirajganj,Kazipur,,
Rajshahi,Sirajganj,Raigonj,,
Rajshahi,Sirajganj,Shahjadpur,,
Rajshahi,Sirajganj,Sirajganj Sadar,,
Rajshahi,Sirajganj,Tarash,,
Rajshahi,Sirajganj,Ullapara,,
Khulna,Bagerhat,Fakirhat,,
Khulna,Bagerhat,Bagerhat Sadar,,
Khulna,Bagerhat,Mollahat,,
Khulna,Bagerhat,Sarankhola,,
Khulna,Bagerhat,Rampal,,
Khulna,Bagerhat,Morrelganj,,
Khulna,Bagerhat,Kachua,,
Khulna,Bagerhat,Mongla,,
Khulna,Bagerhat,Chitalmari,,
Khulna,Chuadanga,Chuadanga Sadar,,
Khulna,Chuadanga,Alamdanga,,
Khulna,Chuadanga,Damurhuda,,
Khulna,Chuadanga,Jibannagar,,
Khulna,Jessore,Manirampur,,
Khulna,Jessore,Abhaynagar,,
Khulna,Jessore,Bagherpara,,
Khulna,Jessore,Chougachha,,
Khulna,Jessore,Jhikargacha,,
Khulna,Jessore,Keshabpur,,
Khulna,Jessore,Jessore Sadar,,
Khulna,Jessore,Sharsha,,
Khulna,Jhenaidah,Jhenaidah Sadar,,
Khulna,Jhenaidah,Shailkupa,,
Khulna,Jhenaidah,Harinakundu,,
Khulna,Jhenaidah,Kaliganj,,
Khulna,Jhenaidah,Kotchandpur,,
Khulna,Jhenaidah,Moheshpur,,
Khulna,Khulna,Paikgasa,,
Khulna,Khulna,Fultola,,
Khulna,Khulna,Digholia,,
Khulna,Khulna,Rupsha,,
Khulna,Khulna,Terokhada,,
Khulna,Khulna,Dumuria,,
Khulna,Khulna,Botiaghata,,
Khulna,Khulna,Dakop,,
Khulna,Khulna,Koyra,,
Khulna,Kushtia,Kushtia Sadar,,
Khulna,Kushtia,Kumarkhali,,
Khulna,Kushtia,Khoksa,,
Khulna,Kushtia,Mirpur,,
Khulna,Kushtia,Daulatpur,,
Khulna,Kushtia,Bheramara,,
Khulna,Magura,Shalikha,,
Khulna,Magura,Sreepur,,
Khulna,Magura,Magura Sadar,,
Khulna,Magura,Mohammadpur,,
Khulna,Meherpur,Mujibnagar,,
Khulna,Meherpur,Meherpur Sadar,,
Khulna,Meherpur,Gangni,,
Khulna,Narail,Narail Sadar,,
Khulna,Narail,Lohagara,,
Khulna,Narail,Kalia,,
Khulna,Satkhira,Assasuni,,
Khulna,Satkhira,Debhata,,
Khulna,Satkhira,Kalaroa,,
Khulna,Satkhira,Satkhira Sadar,,
Khulna,Satkhira,Shyamnagar,,
Khulna,Satkhira,Tala,,
Khulna,Satkhira,Kaliganj,,
Barisal,Bhola,Bhola Sadar,,
Barisal,Bhola,Borhan Uddin,,
Barisal,Bhola,Charfesson,,
Barisal,Bhola,Doulatkhan,,
Barisal,Bhola,Monpura,,
Barisal,Bhola,Tazumuddin,,
Barisal,Bhola,Lalmohan,,
Barisal,Barguna,Amtali,,
Barisal,Barguna,Barguna Sadar,,
Barisal,Barguna,Betagi,,
Barisal,Barguna,Bamna,,
Barisal,Barguna,Pathorghata,,
Barisal,Barguna,Taltali,,
Barisal,Barisal,Barisal Sadar,,
Barisal,Barisal,Bakerganj,,
Barisal,Barisal,Babuganj,,
Barisal,Barisal,Wazirpur,,
Barisal,Barisal,Banaripara,,
Barisal,Barisal,Gournadi,,
Barisal,Barisal,Agailjhara,,
Barisal,Barisal,Mehendiganj,,
Barisal,Barisal,Muladi,,
Barisal,Barisal,Hizla,,
Barisal,Jhalokati,Jhalakathi Sadar,,
Barisal,Jhalokati,Kathalia,,
Barisal,Jhalokati,Nalchity,,
Barisal,Jhalokati,Rajapur,,
Barisal,Patuakhali,Bauphal,,
Barisal,Patuakhali,Patuakhali Sadar,,
Barisal,Patuakhali,Dumki,,
Barisal,Patuakhali,Dashmina,,
Barisal,Patuakhali,Kalapara,,
Barisal,Patuakhali,Mirzaganj,,
Barisal,Patuakhali,Galachipa,,
Barisal,Patuakhali,Rangabali,,
Barisal,Pirojpur,Pirojpur Sadar,,
Barisal,Pirojpur,Nazirpur,,
Barisal,Pirojpur,Kawkhali,,
Barisal,Pirojpur,Zianagar,,
Barisal,Pirojpur,Bhandaria,,
Barisal,Pirojpur,Mathbaria,,
Barisal,Pirojpur,Nesarabad,,
Sylhet,Habiganj,Nabiganj,,
Sylhet,Habiganj,Bahubal,,
Sylhet,Habiganj,Ajmiriganj,,
Sylhet,Habiganj,Baniachong,,
Sylhet,Habiganj,Lakhai,,
Sylhet,Habiganj,Chunarughat,,
Sylhet,Habiganj,Habiganj Sadar,,
Sylhet,Habiganj,Madhabpur,,
Sylhet,Moulvibazar,Barlekha,,
Sylhet,Moulvibazar,Kamolganj,,
Sylhet,Moulvibazar,Kulaura,,
Sylhet,Moulvibazar,Moulvibazar Sadar,,
Sylhet,Moulvibazar,Rajnagar,,
Sylhet,Moulvibazar,Sreemangal,,
Sylhet,Moulvibazar,Juri,,
Sylhet,Sunamganj,Sunamganj Sadar,,
Sylhet,Sunamganj,South Sunamganj,,
Sylhet,Sunamganj,Bishwambarpur,,
Sylhet,Sunamganj,Chhatak,,
Sylhet,Sunamganj,Jagannathpur,,
Sylhet,Sunamganj,Dowarabazar,,
Sylhet,Sunamganj,Tahirpur,,
Sylhet,Sunamganj,Dharmapasha,,
Sylhet,Sunamganj,Jamalganj,,
Sylhet,Sunamganj,Shalla,,
Sylhet,Sunamganj,Derai,,
Sylhet,Sylhet,Balaganj,,
Sylhet,Sylhet,Beanibazar,,
Sylhet,Sylhet,Bishwanath,,
Sylhet,Sylhet,Companiganj,,
Sylhet,Sylhet,Fenchuganj,,
Sylhet,Sylhet,Golapganj,,
Sylhet,Sylhet,Gowainghat,,
Sylhet,Sylhet,Jaintiapur,,
Sylhet,Sylhet,Kanaighat,,
Sylhet,Sylhet,Sylhet Sadar,,
Sylhet,Sylhet,Zakiganj,,
Sylhet,Sylhet,Dakshinsurma,,
Sylhet,Sylhet,Osmaninagar,,
Rangpur,Dinajpur,Nawabganj,,
Rangpur,Dinajpur,Birganj,,
Rangpur,Dinajpur,Ghoraghat,,
Rangpur,Dinajpur,Birampur,,
Rangpur,Dinajpur,Parbatipur,,
Rangpur,Dinajpur,Bochaganj,,
Rangpur,Dinajpur,Kaharol,,
Rangpur,Dinajpur,Fulbari,,
Rangpur,Dinajpur,Dinajpur Sadar,,
Rangpur,Dinajpur,Hakimpur,,
Rangpur,Dinajpur,Khansama,,
Rangpur,Dinajpur,Birol,,
Rangpur,Dinajpur,Chirirbandar,,
Rangpur,Gaibandha,Sadullapur,,
Rangpur,Gaibandha,Gaibandha Sadar,,
Rangpur,Gaibandha,Palashbari,,
Rangpur,Gaibandha,Saghata,,
Rangpur,Gaibandha,Gobindaganj,,
Rangpur,Gaibandha,Sundarganj,,
Rangpur,Gaibandha,Phulchari,,
Rangpur,Kurigram,Kurigram Sadar,,
Rangpur,Kurigram,Nageshwari,,
Rangpur,Kurigram,Bhurungamari,,
Rangpur,Kurigram,Phulbari,,
Rangpur,Kurigram,Rajarhat,,
Rangpur,Kurigram,Ulipur,,
Rangpur,Kurigram,Chilmari,,
Rangpur,Kurigram,Rowmari,,
Rangpur,Kurigram,Charrajibpur,,
Rangpur,Lalmonirhat,Lalmonirhat Sadar,,
Rangpur,Lalmonirhat,Kaliganj,,
Rangpur,Lalmonirhat,Hatibandha,,
Rangpur,Lalmonirhat,Patgram,,
Rangpur,Lalmonirhat,Aditmari,,
Rangpur,Nilphamari,Syedpur,,
Rangpur,Nilphamari,Domar,,
Rangpur,Nilphamari,Dimla,,
Rangpur,Nilphamari,Jaldhaka,,
Rangpur,Nilphamari,Kishorganj,,
Rangpur,Nilphamari,Nilphamari Sadar,,
Rangpur,Panchagarh,Panchagarh Sadar,,
Rangpur,Panchagarh,Debiganj,,
Rangpur,Panchagarh,Boda,,
Rangpur,Panchagarh,Atwari,,
Rangpur,Panchagarh,Tetulia,,
Rangpur,Rangpur,Rangpur Sadar,,
Rangpur,Rangpur,Gangachara,,
Rangpur,Rangpur,Taragonj,,
Rangpur,Rangpur,Badargonj,,
Rangpur,Rangpur,Mithapukur,,
Rangpur,Rangpur,Pirgonj,,
Rangpur,Rangpur,Kaunia,,
Rangpur,Rangpur,Pirgacha,,
Rangpur,Thakurgaon,Thakurgaon Sadar,,
Rangpur,Thakurgaon,Pirganj,,
Rangpur,Thakurgaon,Ranisankail,,
Rangpur,Thakurgaon,Haripur,,
Rangpur,Thakurgaon,Baliadangi,,
Mymensingh,Jamalpur,Jamalpur Sadar,,
Mymensingh,Jamalpur,Melandah,,
Mymensingh,Jamalpur,Islampur,,
Mymensingh,Jamalpur,Dewangonj,,
Mymensingh,Jamalpur,Sarishabari,,
Mymensingh,Jamalpur,Madarganj,,
Mymensingh,Jamalpur,Bokshiganj,,
Mymensingh,Mymensingh,Fulbaria,,
Mymensingh,Mymensingh,Trishal,,
Mymensingh,Mymensingh,Bhaluka,,
Mymensingh,Mymensingh,Muktagacha,,
Mymensingh,Mymensingh,Mymensingh Sadar,,
Mymensingh,Mymensingh,Dhobaura,,
Mymensingh,Mymensingh,Phulpur,,
Mymensingh,Mymensingh,Haluaghat,,
Mymensingh,Mymensingh,Gouripur,,
Mymensingh,Mymensingh,Gafargaon,,
Mymensingh,Mymensingh,Iswarganj,,
Mymensingh,Mymensingh,Nandail,,
Mymensingh,Mymensingh,Tarakanda,,
Mymensingh,Netrokona,Barhatta,,
Mymensingh,Netrokona,Durgapur,,
Mymensingh,Netrokona,Kendua,,
Mymensingh,Netrokona,Atpara,,
Mymensingh,Netrokona,Madan,,
Mymensingh,Netrokona,Khaliajuri,,
Mymensingh,Netrokona,Kalmakanda,,
Mymensingh,Netrokona,Mohongonj,,
Mymensingh,Netrokona,Purbadhala,,
Mymensingh,Netrokona,Netrokona Sadar,,
Mymensingh,Sherpur,Sherpur Sadar,,
Mymensingh,Sherpur,Nalitabari,,
Mymensingh,Sherpur,Sreebordi,,
Mymensingh,Sherpur,Nokla,,
Mymensingh,Sherpur,Jhenaigati,,
Dhaka,Dhaka,Kadamtoli,,
Dhaka,Dhaka,"Kallyanpur, Mirpur",,
Dhaka,Dhaka,"Tajgoan, Dhaka",,
Dhaka,Kishoreganj,Bajitpur,,
Dhaka,Kishoreganj,Karimganj,,
Dhaka,Kishoreganj,Mithamain,,
Khulna,Khulna,Khulna Sodor,,
Khulna,Khulna,Khalishpur,,
Chittagong,Chittagong,Sadar Thana,,
Chittagong,Chittagong,Chawkbazar,,
Dhaka,Dhaka,Dhaka Cantonment,,
Dhaka,Dhaka,Mirpur Pallabi,,
Dhaka,Dhaka,Hazaribag,,
Dhaka,Dhaka,Bangsal,,
Dhaka,Dhaka,Kafrul,,
Dhaka,Dhaka,Demra,,
Khulna,Jessore,Benapole,,
Dhaka,Dhaka,Sahabag,,
